Krok,Czas_[ms],Zasieg_cieczy_LPL_[mm],Zasieg_pary_VPL_[mm],Predkosc_czola_[m/s],Srednica_czola_SMD_[um]
000000,0.00000,0.0000,0.0000,0.0000,0.0000
000010,0.97637,0.0000,0.0093,0.0000,0.0000
000020,1.95275,0.0000,0.0279,0.0000,0.0000
000030,2.92912,0.0000,0.0279,0.0000,0.0000
000040,3.90550,0.0000,0.0465,0.0000,0.0000
000050,4.88187,0.0279,0.0465,1183.2284,0.0000
000060,5.85825,0.0279,0.0651,1435.0402,0.0000
000070,6.83462,0.0465,0.0651,1468.8279,0.0000
000080,7.81100,0.0465,0.0651,1697.4188,0.0000
000090,8.78737,0.0465,0.0838,1930.9562,0.0000
000100,9.76375,0.0651,0.0838,1934.3378,0.0000
000110,10.74010,0.0651,0.1024,2152.8678,0.0000
000120,11.71650,0.0651,0.1024,2377.2107,0.0000
000130,12.69290,0.0838,0.1210,2362.7203,0.0000
000140,13.66920,0.0838,0.1210,2576.7369,0.0000
000150,14.64560,0.1024,0.1210,2564.2586,0.0000
000160,15.62200,0.1024,0.1396,2770.9392,0.0000
000170,16.59840,0.1024,0.1396,2984.1733,0.0000
000180,17.57470,0.1210,0.1582,2961.5783,0.0000
000190,18.55110,0.1210,0.1582,3169.7121,0.0000
000200,19.52750,0.1396,0.1582,3150.0375,0.0000
000210,20.50390,0.1396,0.1768,3354.7059,0.0000
000220,21.48020,0.1582,0.1768,3337.4627,0.0000
000230,22.45660,0.1582,0.1954,3539.9792,0.0000
000240,23.43300,0.1582,0.1954,3749.8038,0.0000
000250,24.40940,0.1768,0.2141,3726.3006,0.0000
000260,25.38570,0.1768,0.2141,3935.1610,0.0000
000270,26.36210,0.1954,0.2327,3914.3266,0.0000
000280,27.33850,0.1954,0.2327,4123.1311,0.0000
000290,28.31490,0.2141,0.2513,4104.7142,0.0000
000300,29.29120,0.2141,0.2513,4314.2593,0.0000
000310,30.26760,0.2327,0.2513,4298.0362,0.0000
000320,31.24400,0.2327,0.2699,4509.0345,0.0000
000330,32.22040,0.2513,0.2699,4494.8655,0.0000
000340,33.19670,0.2513,0.2885,4707.9738,0.0000
000350,34.17310,0.2699,0.2885,4695.7471,0.0000
000360,35.14950,0.2699,0.3071,4911.5802,0.0000
000370,36.12590,0.2885,0.3071,4901.2259,0.0000
000380,37.10220,0.2885,0.3257,5120.3708,0.0000
000390,38.07860,0.3071,0.3444,5111.8191,0.0000
000400,39.05500,0.3071,0.3444,5334.8205,0.0000
000410,40.03140,0.3257,0.3630,5328.0574,0.0000
000420,41.00770,0.3257,0.3630,5555.4605,0.0000
000430,41.98410,0.3444,0.3816,5550.4581,0.0000
000440,42.96050,0.3444,0.3816,5782.7379,0.0000
000450,43.93690,0.3630,0.4002,5779.4821,0.0000
000460,44.91320,0.3816,0.4002,5781.9274,0.0000
000470,45.88960,0.3816,0.4188,6015.5208,0.0000
000480,46.86600,0.4002,0.4374,6019.4892,0.0000
000490,47.84240,0.4002,0.4374,6258.8256,0.0000
000500,48.81870,0.4188,0.4560,6264.2612,0.0000
000510,49.79510,0.4374,0.4560,6274.5177,0.0000
000520,50.77150,0.4374,0.4747,6516.1458,0.0000
000530,51.74790,0.4560,0.4933,6527.5480,0.0000
000540,52.72420,0.4560,0.4933,6774.6537,0.0000
000550,53.70060,0.4747,0.5119,6786.8944,0.0000
000560,54.67700,0.4933,0.5119,6803.2293,0.0000
000570,55.65340,0.4933,0.5305,7051.4667,0.0000
000580,56.62970,0.5119,0.5491,7068.0252,0.0000
000590,57.60610,0.5305,0.5491,7088.0910,0.0000
000600,58.58250,0.5305,0.5677,7335.8673,0.0000
000610,59.55890,0.5491,0.5863,7355.4161,0.0000
000620,60.53520,0.5677,0.5863,7377.9273,0.0000
000630,61.51160,0.5677,0.6050,7623.1604,0.0000
000640,62.48800,0.5863,0.6236,7644.3162,0.0000
000650,63.46440,0.6050,0.6236,7667.9591,0.0000
000660,64.44070,0.6050,0.6422,7908.4553,0.0000
000670,65.41710,0.6236,0.6608,7929.9744,0.0000
000680,66.39350,0.6422,0.6608,7953.5056,0.0000
000690,67.36990,0.6422,0.6794,8187.3504,0.0000
000700,68.34620,0.6608,0.6980,8208.1568,0.0000
000710,69.32260,0.6794,0.7166,8230.5981,0.0000
000720,70.29900,0.6980,0.7166,8254.4507,0.0000
000730,71.27540,0.6980,0.7353,8475.6077,0.0000
000740,72.25170,0.7166,0.7539,8496.2045,0.0000
000750,73.22810,0.7353,0.7539,8517.9611,0.0000
000760,74.20450,0.7353,0.7725,8730.1332,0.0000
000770,75.18090,0.7539,0.7911,8748.4104,0.0000
000780,76.15720,0.7725,0.8097,8767.6378,0.0000
000790,77.13360,0.7911,0.8097,8787.6477,0.0000
000800,78.11000,0.7911,0.8283,8986.2237,0.0000
000810,79.08640,0.8097,0.8469,9002.6843,0.0000
000820,80.06270,0.8283,0.8655,9019.8297,0.0000
000830,81.03910,0.8469,0.8655,9037.5480,0.0000
000840,82.01550,0.8469,0.8842,9223.0309,0.0000
000850,82.99190,0.8655,0.9028,9237.2698,0.0000
000860,83.96820,0.8842,0.9214,9252.0257,0.0000
000870,84.94460,0.9028,0.9214,9267.1868,0.0000
000880,85.92100,0.9028,0.9400,9440.4290,0.0000
000890,86.89740,0.9214,0.9586,9452.2925,0.0000
000900,87.87370,0.9400,0.9772,9464.5471,0.0000
000910,88.85010,0.9586,0.9772,9477.1092,0.0000
000920,89.82650,0.9586,0.9958,9639.1168,0.0000
000930,90.80290,0.9772,1.0145,9648.6187,0.0000
000940,91.77920,0.9958,1.0331,9658.4281,0.0000
000950,92.75560,1.0145,1.0331,9668.4749,0.0000
000960,93.73200,1.0145,1.0517,9820.2959,0.0000
000970,94.70840,1.0331,1.0703,9827.5202,0.0000
000980,95.68470,1.0517,1.0889,9834.9959,0.0000
000990,96.66110,1.0703,1.1075,9842.6813,0.0000
001000,97.63750,1.0889,1.1075,9850.5623,0.0000
001010,98.61390,1.0889,1.1261,9990.3941,0.0000
001020,99.59020,1.1075,1.1448,9995.7040,0.0000
001030,100.56700,1.1261,1.1634,10001.2095,0.0000
001040,101.54300,1.1448,1.1634,10006.8688,0.0000
001050,102.51900,1.1448,1.1820,10138.6519,0.0000
001060,103.49600,1.1634,1.2006,10141.9776,0.0000
001070,104.47200,1.1820,1.2192,10145.4709,0.0000
001080,105.44800,1.2006,1.2192,10149.1180,0.0000
001090,106.42500,1.2006,1.2378,10273.6349,0.0000
001100,107.40100,1.2192,1.2564,10275.1441,0.0000
001110,108.37800,1.2378,1.2751,10276.8069,0.0000
001120,109.35400,1.2564,1.2751,10278.6234,0.0000
001130,110.33000,1.2751,1.2937,10280.5518,0.0000
001140,111.30700,1.2751,1.3123,10396.4192,0.0000
001150,112.28300,1.2937,1.3309,10396.4192,0.0000
001160,113.25900,1.3123,1.3309,10396.5729,0.0000
001170,114.23600,1.3309,1.3495,10396.8384,0.0000
001180,115.21200,1.3309,1.3681,10506.9208,0.0000
001190,116.18900,1.3495,1.3867,10505.4117,0.0000
001200,117.16500,1.3681,1.3867,10504.0423,0.0000
001210,118.14100,1.3867,1.4054,10502.7987,0.0000
001220,119.11800,1.3867,1.4240,10607.6132,0.0000
001230,120.09400,1.4054,1.4426,10604.7207,0.0000
001240,121.07000,1.4240,1.4426,10601.9679,0.0000
001250,122.04700,1.4426,1.4612,10599.3409,0.0000
001260,123.02300,1.4612,1.4798,10596.8257,0.0000
001270,124.00000,1.4612,1.4984,10695.1984,0.0000
001280,124.97600,1.4798,1.4984,10691.1881,0.0000
001290,125.95200,1.4984,1.5170,10687.3035,0.0000
001300,126.92900,1.5170,1.5356,10683.5446,0.0000
001310,127.90500,1.5170,1.5543,10777.5996,0.0000
001320,128.88100,1.5356,1.5543,10772.4434,0.0000
001330,129.85800,1.5543,1.5729,10767.4130,0.0000
001340,130.83400,1.5729,1.5915,10762.4943,0.0000
001350,131.81100,1.5915,1.6101,10757.6875,0.0000
001360,132.78700,1.5915,1.6101,10846.3767,0.0000
001370,133.76300,1.6101,1.6287,10840.2982,0.0000
001380,134.74000,1.6287,1.6473,10834.3316,0.0000
001390,135.71600,1.6473,1.6473,10828.4767,0.0000
001400,136.69200,1.6473,1.6660,10913.5468,0.0000
001410,137.66900,1.6660,1.6846,10906.4902,0.0000
001420,138.64500,1.6846,1.6846,10899.5734,0.0000
001430,139.62200,1.7032,1.7032,10892.7544,0.0000
001440,140.59800,1.7032,1.7218,10974.4568,0.0000
001450,141.57400,1.7218,1.7218,10966.5199,0.0000
001460,142.55100,1.7404,1.7404,10958.7088,0.0000
001470,143.52700,1.7590,1.7590,10951.0095,0.0000
001480,144.50300,1.7776,1.7590,10943.4079,0.0000
001490,145.48000,1.7776,1.7776,11020.7926,0.0000
001500,146.45600,1.7962,1.7962,11012.1710,0.0000
001510,147.43300,1.8149,1.8149,11003.6473,0.0000
001520,148.40900,1.8335,1.8335,10995.2493,0.0000
001530,149.38500,1.8335,1.8335,11069.7275,0.0000
001540,150.36200,1.8521,1.8521,11060.3513,0.0000
001550,151.33800,1.8707,1.8707,11051.1009,0.0000
001560,152.31400,1.8893,1.8893,11041.9623,0.0000
001570,153.29100,1.9079,1.9079,11032.9215,0.0000
001580,154.26700,1.9079,1.9265,11103.6549,0.0000
001590,155.24400,1.9265,1.9265,11093.7198,0.0000
001600,156.22000,1.9452,1.9452,11083.9105,0.0000
001610,157.19600,1.9638,1.9638,11074.1990,0.0000
001620,158.17300,1.9638,1.9824,11142.4730,0.0000
001630,159.14900,1.9824,1.9824,11131.9231,0.0000
001640,160.12500,2.0010,2.0010,11121.4989,0.0000
001650,161.10200,2.0196,2.0196,11111.1866,0.0000
001660,162.07800,2.0196,2.0382,11177.1690,0.0000
001670,163.05500,2.0382,2.0568,11166.0741,0.0000
001680,164.03100,2.0568,2.0568,11155.0910,0.0000
001690,165.00700,2.0755,2.0755,11144.2197,0.0000
001700,165.98400,2.0941,2.0941,11133.4602,0.0000
001710,166.96000,2.0941,2.1127,11196.5081,0.0000
001720,167.93600,2.1127,2.1127,11185.0080,0.0000
001730,168.91300,2.1313,2.1313,11173.6057,0.0000
001740,169.88900,2.1499,2.1499,11162.2733,0.0000
001750,170.86600,2.1499,2.1685,11223.4628,0.0000
001760,171.84200,2.1685,2.1871,11211.4038,0.0000
001770,172.81800,2.1871,2.1871,11199.4286,0.0000
001780,173.79500,2.2058,2.2058,11187.4953,0.0000
001790,174.77100,2.2058,2.2244,11246.9940,0.0000
001800,175.74700,2.2244,2.2430,11234.3621,0.0000
001810,176.72400,2.2430,2.2430,11221.8000,0.0000
001820,177.70000,2.2616,2.2616,11209.2938,0.0000
001830,178.67700,2.2616,2.2802,11267.2135,0.0000
001840,179.65300,2.2802,2.2988,11254.0366,0.0000
001850,180.62900,2.2988,2.2988,11240.9016,0.0000
001860,181.60600,2.3174,2.3174,11227.8365,0.0000
001870,182.58200,2.3360,2.3360,11214.8273,0.0000
001880,183.55800,2.3360,2.3547,11270.5532,0.0000
001890,184.53500,2.3547,2.3547,11256.8872,0.0000
001900,185.51100,2.3733,2.3733,11243.2771,0.0000
001910,186.48800,2.3919,2.3919,11229.7089,0.0000
001920,187.46400,2.3919,2.4105,11284.0515,0.0000
001930,188.44000,2.4105,2.4105,11269.8405,0.0000
001940,189.41700,2.4291,2.4291,11255.6995,0.0000
001950,190.39300,2.4477,2.4477,11241.6003,0.0000
001960,191.36900,2.4477,2.4664,11294.6154,0.0000
001970,192.34600,2.4664,2.4664,11279.8734,0.0000
001980,193.32200,2.4850,2.4850,11265.2014,0.0000
001990,194.29900,2.5036,2.5036,11250.5852,0.0000
002000,195.27500,2.5036,2.5036,11302.2868,0.0000
002010,196.25100,2.5222,2.5222,11287.0278,0.0000
002020,197.22800,2.5408,2.5408,11271.8387,0.0000
002030,198.20400,2.5594,2.5594,11256.7055,0.0000
002040,199.18000,2.5594,2.5594,11307.1216,0.0000
002050,200.15700,2.5780,2.5780,11291.3456,0.0000
002060,201.13300,2.5966,2.5966,11275.6535,0.0000
002070,202.11000,2.6153,2.6153,11260.0172,0.0000
002080,203.08600,2.6153,2.6153,11309.1896,0.0000
002090,204.06200,2.6339,2.6339,11292.9386,0.0000
002100,205.03900,2.6525,2.6525,11276.7574,0.0000
002110,206.01500,2.6711,2.6711,11260.6460,0.0000
002120,206.99100,2.6711,2.6711,11308.6586,0.0000
002130,207.96800,2.6897,2.6897,11291.9465,0.0000
002140,208.94400,2.7083,2.7083,11275.3181,0.0000
002150,209.92100,2.7269,2.7269,11258.7457,0.0000
002160,210.89700,2.7269,2.7269,11305.7103,0.0000
002170,211.87300,2.7456,2.7456,11288.5649,0.0000
002180,212.85000,2.7642,2.7642,11271.5034,0.0000
002190,213.82600,2.7828,2.7828,11254.5257,0.0000
002200,214.80200,2.7828,2.7828,11300.5261,0.0000
002210,215.77900,2.8014,2.8014,11282.9755,0.0000
002220,216.75500,2.8200,2.8200,11265.5228,0.0000
002230,217.73200,2.8386,2.8386,11248.1399,0.0000
002240,218.70800,2.8386,2.8386,11293.2879,0.0000
002250,219.68400,2.8572,2.8572,11275.3600,0.0000
002260,220.66100,2.8759,2.8759,11257.5300,0.0000
002270,221.63700,2.8945,2.8759,11239.7838,0.0000
002280,222.61300,2.8945,2.8945,11284.1633,0.0000
002290,223.59000,2.9131,2.9131,11265.8861,0.0000
002300,224.56600,2.9317,2.9317,11247.6927,0.0000
002310,225.54300,2.9503,2.9317,11229.6111,0.0000
002320,226.51900,2.9503,2.9503,11273.3059,0.0000
002330,227.49500,2.9689,2.9689,11254.6934,0.0000
002340,228.47200,2.9875,2.9875,11236.1926,0.0000
002350,229.44800,3.0062,2.9875,11217.7757,0.0000
002360,230.42400,3.0062,3.0062,11260.8556,0.0000
002370,231.40100,3.0248,3.0248,11241.9496,0.0000
002380,232.37700,3.0434,3.0434,11223.1414,0.0000
002390,233.35400,3.0620,3.0434,11204.4311,0.0000
002400,234.33000,3.0620,3.0620,11246.9521,0.0000
002410,235.30600,3.0806,3.0806,11227.7666,0.0000
002420,236.28300,3.0992,3.0806,11208.6790,0.0000
002430,237.25900,3.1178,3.0992,11189.7031,0.0000
002440,238.23500,3.1178,3.1178,11231.7211,0.0000
002450,239.21200,3.1365,3.1365,11212.2701,0.0000
002460,240.18800,3.1551,3.1365,11192.9309,0.0000
002470,241.16500,3.1737,3.1551,11173.7035,0.0000
002480,242.14100,3.1737,3.1737,11215.2604,0.0000
002490,243.11700,3.1923,3.1923,11195.5719,0.0000
002500,244.09400,3.2109,3.1923,11175.9952,0.0000
002510,245.07000,3.2109,3.2109,11217.7198,0.0000
002520,246.04600,3.2295,3.2295,11197.6819,0.0000
002530,247.02300,3.2481,3.2481,11177.7698,0.0000
002540,247.99900,3.2668,3.2481,11157.9835,0.0000
002550,248.97600,3.2668,3.2668,11199.3028,0.0000
002560,249.95200,3.2854,3.2854,11179.0693,0.0000
002570,250.92800,3.3040,3.2854,11158.9616,0.0000
002580,251.90500,3.3226,3.3040,11138.9797,0.0000
002590,252.88100,3.3226,3.3226,11179.9077,0.0000
002600,253.85700,3.3412,3.3412,11159.4926,0.0000
002610,254.83400,3.3598,3.3412,11139.2032,0.0000
002620,255.81000,3.3784,3.3598,11119.0536,0.0000
002630,256.78700,3.3784,3.3784,11159.6184,0.0000
002640,257.76300,3.3970,3.3784,11139.0355,0.0000
002650,258.73900,3.4157,3.3970,11118.5925,0.0000
002660,259.71600,3.4157,3.4157,11159.3808,0.0000
002670,260.69200,3.4343,3.4343,11138.5046,0.0000
002680,261.66800,3.4529,3.4343,11117.7820,0.0000
002690,262.64500,3.4715,3.4529,11097.1852,0.0000
002700,263.62100,3.4715,3.4715,11137.6242,0.0000
002710,264.59800,3.4901,3.4715,11116.6222,0.0000
002720,265.57400,3.5087,3.4901,11095.7599,0.0000
002730,266.55000,3.5274,3.5087,11075.0513,0.0000
002740,267.52700,3.5274,3.5274,11115.1271,0.0000
002750,268.50300,3.5460,3.5274,11094.0132,0.0000
002760,269.47900,3.5646,3.5460,11073.0392,0.0000
002770,270.45600,3.5646,3.5646,11113.3385,0.0000
002780,271.43200,3.5832,3.5832,11091.9592,0.0000
002790,272.40900,3.6018,3.5832,11070.7475,0.0000
002800,273.38500,3.6204,3.6018,11049.6757,0.0000
002810,274.36100,3.6204,3.6204,11089.6256,0.0000
002820,275.33800,3.6390,3.6204,11068.1625,0.0000
002830,276.31400,3.6576,3.6390,11046.8670,0.0000
002840,277.29000,3.6763,3.6576,11025.7113,0.0000
002850,278.26700,3.6763,3.6763,11065.2979,0.0000
002860,279.24300,3.6949,3.6763,11043.7649,0.0000
002870,280.22000,3.7135,3.6949,11022.3996,0.0000
002880,281.19600,3.7135,3.7135,11062.1679,0.0000
002890,282.17200,3.7321,3.7135,11040.4113,0.0000
002900,283.14900,3.7507,3.7321,11018.8224,0.0000
002910,284.12500,3.7693,3.7507,10997.3872,0.0000
002920,285.10100,3.7693,3.7693,11036.7922,0.0076
002930,286.07800,3.7879,3.7693,11014.9937,0.0076
002940,287.05400,3.8065,3.7879,10993.3489,0.0076
002950,288.03100,3.8065,3.8065,11032.9215,0.0076
002960,289.00700,3.8252,3.8065,11010.9134,0.0076
002970,289.98300,3.8438,3.8252,10989.0730,0.0076
002980,290.96000,3.8624,3.8438,10967.4003,0.0076
002990,291.93600,3.8624,3.8438,11006.5817,0.0076
003000,292.91200,3.8810,3.8624,10984.5456,0.0076
003010,293.88900,3.8996,3.8810,10962.6773,0.0076
003020,294.86500,3.8996,3.8996,11002.0124,0.0075
003030,295.84200,3.9182,3.8996,10979.7807,0.0075
003040,296.81800,3.9369,3.9182,10957.7307,0.0075
003050,297.79400,3.9555,3.9369,10935.8344,0.0075
003060,298.77100,3.9555,3.9369,10974.7782,0.0075
003070,299.74700,3.9741,3.9555,10952.5326,0.0075
003080,300.72300,3.9927,3.9741,10930.4686,0.0075
003090,301.70000,3.9927,3.9927,10969.5242,0.0075
003100,302.67600,4.0113,3.9927,10947.1109,0.0076
003110,303.65300,4.0299,4.0113,10924.8792,0.0076
003120,304.62900,4.0485,4.0299,10902.8012,0.0076
003130,305.60500,4.0485,4.0299,10941.4517,0.0076
003140,306.58200,4.0671,4.0485,10919.0523,0.0076
003150,307.55800,4.0858,4.0671,10896.8206,0.0076
003160,308.53400,4.0858,4.0671,10935.5549,0.0076
003170,309.51100,4.1044,4.0858,10913.0018,0.0077
003180,310.48700,4.1230,4.1044,10890.6025,0.0077
003190,311.46400,4.1416,4.1230,10868.3848,0.0077
003200,312.44000,4.1416,4.1230,10906.7138,0.0078
003210,313.41600,4.1602,4.1416,10884.1747,0.0078
003220,314.39300,4.1788,4.1602,10861.8033,0.0079
003230,315.36900,4.1788,4.1602,10900.1882,0.0079
003240,316.34500,4.1974,4.1788,10877.4954,0.0080
003250,317.32200,4.2161,4.1974,10854.9843,0.0081
003260,318.29800,4.2161,4.1974,10893.4251,0.0082
003270,319.27500,4.2347,4.2161,10870.6065,0.0082
003280,320.25100,4.2533,4.2347,10847.9556,0.0083
003290,321.22700,4.2719,4.2533,10825.4724,0.0084
003300,322.20400,4.2719,4.2533,10863.4661,0.0085
003310,323.18000,4.2905,4.2719,10840.6895,0.0086
003320,324.15600,4.3091,4.2905,10818.0805,0.0086
003330,325.13300,4.3091,4.2905,10856.1021,0.0087
003340,326.10900,4.3278,4.3091,10833.1997,0.0087
003350,327.08600,4.3464,4.3278,10810.4650,0.0087
003360,328.06200,4.3650,4.3278,10787.9119,0.0088
003370,329.03800,4.3650,4.3464,10825.4724,0.0088
003380,330.01500,4.3836,4.3650,10802.6259,0.0088
003390,330.99100,4.4022,4.3650,10779.9471,0.0088
003400,331.96700,4.4022,4.3836,10817.5216,0.0089
003410,332.94400,4.4208,4.4022,10794.5493,0.0089
003420,333.92000,4.4394,4.4208,10771.7727,0.0089
003430,334.89700,4.4394,4.4208,10809.3192,0.0089
003440,335.87300,4.4580,4.4394,10786.2491,0.0089
003450,336.84900,4.4767,4.4580,10763.3607,0.0089
003460,337.82600,4.4953,4.4580,10740.6539,0.0089
003470,338.80200,4.4953,4.4767,10777.7253,0.0089
003480,339.77800,4.5139,4.4953,10754.7391,0.0089
003490,340.75500,4.5325,4.4953,10731.9205,0.0089
003500,341.73100,4.5325,4.5139,10768.9640,0.0089
003510,342.70800,4.5511,4.5325,10745.8800,0.0089
003520,343.68400,4.5697,4.5325,10722.9636,0.0089
003530,344.66000,4.5697,4.5511,10759.9651,0.0089
003540,345.63700,4.5883,4.5697,10736.7833,0.0089
003550,346.61300,4.6070,4.5883,10713.7831,0.0089
003560,347.58900,4.6070,4.5883,10750.7427,0.0089
003570,348.56600,4.6256,4.6070,10727.4770,0.0089
003580,349.54200,4.6442,4.6256,10704.3929,0.0089
003590,350.51900,4.6628,4.6256,10681.4766,0.0089
003600,351.49500,4.6628,4.6442,10717.9192,0.0090
003610,352.47100,4.6814,4.6628,10694.7513,0.0090
003620,353.44800,4.7000,4.6628,10671.7650,0.0090
003630,354.42400,4.7000,4.6814,10708.1378,0.0090
003640,355.40000,4.7186,4.7000,10684.9000,0.0090
003650,356.37700,4.7373,4.7000,10661.8439,0.0090
003660,357.35300,4.7373,4.7186,10698.1329,0.0090
003670,358.33000,4.7559,4.7373,10674.8112,0.0090
003680,359.30600,4.7745,4.7373,10651.6853,0.0090
003690,360.28200,4.7745,4.7559,10687.8904,0.0090
003700,361.25900,4.7931,4.7745,10664.4989,0.0090
003710,362.23500,4.8117,4.7745,10641.3030,0.0090
003720,363.21100,4.8303,4.7931,10618.2888,0.0090
003730,364.18800,4.8303,4.8117,10653.9629,0.0090
003740,365.16400,4.8489,4.8117,10630.7112,0.0090
003750,366.14100,4.8675,4.8303,10607.6271,0.0090
003760,367.11700,4.8675,4.8489,10643.1894,0.0090
003770,368.09300,4.8862,4.8675,10619.8818,0.0090
003780,369.07000,4.9048,4.8675,10596.7419,0.0090
003790,370.04600,4.9048,4.8862,10632.1924,0.0090
003800,371.02200,4.9234,4.9048,10608.8289,0.0090
003810,371.99900,4.9420,4.9048,10585.6330,0.0090
003820,372.97500,4.9420,4.9234,10620.9717,0.0090
003830,373.95200,4.9606,4.9420,10597.5523,0.0090
003840,374.92800,4.9792,4.9420,10574.3146,0.0090
003850,375.90400,4.9792,4.9606,10609.5136,0.0090
003860,376.88100,4.9979,4.9792,10586.0522,0.0091
003870,377.85700,5.0165,4.9792,10562.7586,0.0091
003880,378.83300,5.0165,4.9979,10597.8318,0.0091
003890,379.81000,5.0351,5.0165,10574.3146,0.0091
003900,380.78600,5.0537,5.0165,10550.9930,0.0091
003910,381.76300,5.0537,5.0351,10585.9125,0.0091
003920,382.73900,5.0723,5.0537,10562.3673,0.0091
003930,383.71500,5.0909,5.0537,10539.0177,0.0091
003940,384.69200,5.1095,5.0723,10515.8359,0.0091
003950,385.66800,5.1095,5.0909,10550.1965,0.0091
003960,386.64400,5.1281,5.0909,10526.8050,0.0091
003970,387.62100,5.1468,5.1095,10503.5952,0.0091
003980,388.59700,5.1468,5.1281,10537.8021,0.0091
003990,389.57400,5.1654,5.1281,10514.3826,0.0091
004000,390.55000,5.1840,5.1468,10491.1449,0.0091
004010,391.52600,5.1840,5.1654,10525.1981,0.0091
004020,392.50300,5.2026,5.1654,10501.7507,0.0092
004030,393.47900,5.2212,5.1840,10478.4850,0.0092
004040,394.45500,5.2212,5.2026,10512.3565,0.0092
004050,395.43200,5.2398,5.2026,10488.8952,0.0092
004060,396.40800,5.2584,5.2212,10465.6015,0.0092
004070,397.38500,5.2584,5.2398,10499.3053,0.0092
004080,398.36100,5.2771,5.2398,10475.8161,0.0092
004090,399.33700,5.2957,5.2584,10452.5224,0.0092
004100,400.31400,5.2957,5.2771,10486.0446,0.0092
004110,401.29000,5.3143,5.2771,10462.5413,0.0092
004120,402.26600,5.3329,5.2957,10439.2197,0.0092
004130,403.24300,5.3329,5.3143,10472.5463,0.0092
004140,404.21900,5.3515,5.3143,10449.0430,0.0092
004150,405.19600,5.3701,5.3329,10425.7074,0.0092
004160,406.17200,5.3701,5.3515,10458.8524,0.0092
004170,407.14800,5.3887,5.3515,10435.3351,0.0092
004180,408.12500,5.4074,5.3701,10411.9995,0.0092
004190,409.10100,5.4074,5.3887,10444.9488,0.0092
004200,410.07700,5.4260,5.3887,10421.4176,0.0092
004210,411.05400,5.4446,5.4074,10398.0681,0.0092
004220,412.03000,5.4446,5.4260,10430.8217,0.0092
004230,413.00700,5.4632,5.4260,10407.2905,0.0092
004240,413.98300,5.4818,5.4446,10383.9410,0.0092
004250,414.95900,5.4818,5.4632,10416.4850,0.0092
004260,415.93600,5.5004,5.4632,10392.9538,0.0092
004270,416.91200,5.5190,5.4818,10369.6182,0.0092
004280,417.88800,5.5190,5.5004,10401.9527,0.0092
004290,418.86500,5.5377,5.5004,10378.4215,0.0092
004300,419.84100,5.5563,5.5190,10355.0859,0.0092
004310,420.81800,5.5563,5.5377,10387.2107,0.0092
004320,421.79400,5.5749,5.5377,10363.6935,0.0092
004330,422.77000,5.5935,5.5563,10340.3579,0.0092
004340,423.74700,5.5935,5.5749,10372.2592,0.0092
004350,424.72300,5.6121,5.5749,10348.7559,0.0092
004360,425.69900,5.6307,5.5935,10325.4343,0.0092
004370,426.67600,5.6307,5.6121,10357.1260,0.0092
004380,427.65200,5.6493,5.6121,10333.6227,0.0092
004390,428.62900,5.6679,5.6307,10310.3151,0.0092
004400,429.60500,5.6679,5.6493,10341.7832,0.0092
004410,430.58100,5.6866,5.6493,10318.2939,0.0092
004420,431.55800,5.7052,5.6679,10295.0003,0.0092
004430,432.53400,5.7052,5.6866,10326.2308,0.0092
004440,433.51000,5.7238,5.6866,10302.7695,0.0092
004450,434.48700,5.7424,5.7052,10279.4898,0.0093
004460,435.46300,5.7424,5.7052,10310.4968,0.0093
004470,436.44000,5.7610,5.7238,10287.0634,0.0093
004480,437.41600,5.7796,5.7424,10263.7977,0.0093
004490,438.39200,5.7796,5.7424,10294.5811,0.0093
004500,439.36900,5.7983,5.7610,10271.1616,0.0093
004510,440.34500,5.8169,5.7796,10247.9239,0.0093
004520,441.32100,5.8169,5.7796,10278.4558,0.0093
004530,442.29800,5.8355,5.7983,10255.0643,0.0093
004540,443.27400,5.8541,5.8169,10231.8684,0.0093
004550,444.25100,5.8541,5.8169,10262.1628,0.0093
004560,445.22700,5.8727,5.8355,10238.7992,0.0093
004570,446.20300,5.8913,5.8541,10215.6174,0.0093
004580,447.18000,5.8913,5.8541,10245.6742,0.0093
004590,448.15600,5.9099,5.8727,10222.3386,0.0093
004600,449.13200,5.9285,5.8913,10199.1847,0.0093
004610,450.10900,5.9285,5.8913,10229.0039,0.0093
004620,451.08500,5.9472,5.9099,10205.6963,0.0093
004630,452.06200,5.9472,5.9285,10235.5993,0.0093
004640,453.03800,5.9658,5.9285,10212.1520,0.0093
004650,454.01400,5.9844,5.9472,10188.8863,0.0093
004660,454.99100,5.9844,5.9472,10218.5378,0.0093
004670,455.96700,6.0030,5.9658,10195.1184,0.0093
004680,456.94300,6.0216,5.9844,10171.8946,0.0093
004690,457.92000,6.0216,5.9844,10201.2946,0.0093
004700,458.89600,6.0402,6.0030,10177.9171,0.0093
004710,459.87300,6.0588,6.0216,10154.7353,0.0093
004720,460.84900,6.0588,6.0216,10183.8698,0.0093
004730,461.82500,6.0775,6.0402,10160.5342,0.0093
004740,462.80200,6.0961,6.0588,10137.3943,0.0093
004750,463.77800,6.0961,6.0588,10166.2773,0.0093
004760,464.75400,6.1147,6.0775,10142.9836,0.0093
004770,465.73100,6.1333,6.0961,10119.8856,0.0093
004780,466.70700,6.1333,6.0961,10148.5031,0.0093
004790,467.68400,6.1519,6.1147,10125.2654,0.0093
004800,468.66000,6.1705,6.1147,10102.2093,0.0093
004810,469.63600,6.1705,6.1333,10130.5613,0.0093
004820,470.61300,6.1891,6.1519,10107.3794,0.0093
004830,471.58900,6.1891,6.1519,10135.7734,0.0093
004840,472.56500,6.2078,6.1705,10112.4518,0.0093
004850,473.54200,6.2264,6.1891,10089.3118,0.0093
004860,474.51800,6.2264,6.1891,10117.4403,0.0093
004870,475.49500,6.2450,6.2078,10094.1746,0.0093
004880,476.47100,6.2636,6.2264,10071.0905,0.0093
004890,477.44700,6.2636,6.2264,10098.9395,0.0093
004900,478.42400,6.2822,6.2450,10075.7297,0.0093
004910,479.40000,6.3008,6.2636,10052.7015,0.0093
004920,480.37600,6.3008,6.2636,10080.2710,0.0093
004930,481.35300,6.3194,6.2822,10057.1171,0.0093
004940,482.32900,6.3380,6.2822,10034.1448,0.0093
004950,483.30600,6.3380,6.3008,10061.4349,0.0093
004960,484.28200,6.3567,6.3194,10038.3369,0.0093
004970,485.25800,6.3567,6.3194,10065.6688,0.0093
004980,486.23500,6.3753,6.3380,10042.4450,0.0093
004990,487.21100,6.3939,6.3567,10019.4029,0.0093
005000,488.18700,6.3939,6.3567,10046.4414,0.0093
005010,489.16400,6.4125,6.3753,10023.2735,0.0093
005020,490.14000,6.4311,6.3753,10000.3013,0.0093
005030,491.11700,6.4311,6.3939,10027.0603,0.0093
005040,492.09300,6.4497,6.4125,10003.9483,0.0093
005050,493.06900,6.4684,6.4125,9981.0459,0.0093
005060,494.04600,6.4684,6.4311,10007.5115,0.0093
005070,495.02200,6.4870,6.4497,9984.4694,0.0093
005080,495.99800,6.4870,6.4497,10010.9490,0.0093
005090,496.97500,6.5056,6.4684,9987.7951,0.0093
005100,497.95100,6.5242,6.4870,9964.8368,0.0093
005110,498.92800,6.5242,6.4870,9991.0229,0.0093
005120,499.90400,6.5428,6.5056,9967.9389,0.0093
005130,500.88000,6.5614,6.5056,9945.0365,0.0093
005140,501.85700,6.5614,6.5242,9970.9292,0.0093
005150,502.83300,6.5800,6.5428,9947.9290,0.0093
005160,503.80900,6.5987,6.5428,9925.0964,0.0093
005170,504.78600,6.5987,6.5614,9950.6957,0.0093
005180,505.76200,6.6173,6.5800,9927.7653,0.0093
005190,506.73900,6.6173,6.5800,9953.3646,0.0093
005200,507.71500,6.6359,6.5987,9930.3085,0.0093
005210,508.69100,6.6545,6.5987,9907.4480,0.0093
005220,509.66800,6.6545,6.6173,9932.7538,0.0093
005230,510.64400,6.6731,6.6359,9909.7816,0.0093
005240,511.62000,6.6917,6.6359,9886.9910,0.0093
005250,512.59700,6.6917,6.6545,9912.0033,0.0093
005260,513.57300,6.7103,6.6731,9889.1149,0.0093
005270,514.55000,6.7103,6.6731,9914.1133,0.0093
005280,515.52600,6.7289,6.6917,9891.1131,0.0093
005290,516.50200,6.7476,6.6917,9868.3085,0.0093
005300,517.47900,6.7476,6.7103,9893.0135,0.0093
005310,518.45500,6.7662,6.7289,9870.0971,0.0093
005320,519.43100,6.7848,6.7289,9847.3624,0.0092
005330,520.40800,6.7848,6.7476,9871.7739,0.0092
005340,521.38400,6.8034,6.7662,9848.9414,0.0092
005350,522.36100,6.8034,6.7662,9873.3389,0.0092
005360,523.33700,6.8220,6.7848,9850.4086,0.0092
005370,524.31300,6.8406,6.7848,9827.6459,0.0092
005380,525.29000,6.8406,6.8034,9851.7640,0.0092
005390,526.26600,6.8593,6.8220,9828.9035,0.0092
005400,527.24200,6.8779,6.8220,9806.2387,0.0092
005410,528.21900,6.8779,6.8406,9830.0633,0.0092
005420,529.19500,6.8965,6.8593,9807.2867,0.0092
005430,530.17200,6.8965,6.8593,9831.1113,0.0092
005440,531.14800,6.9151,6.8779,9808.2369,0.0092
005450,532.12400,6.9337,6.8779,9785.5441,0.0092
005460,533.10100,6.9337,6.8965,9809.0753,0.0092
005470,534.07700,6.9523,6.9151,9786.2847,0.0092
005480,535.05300,6.9709,6.9151,9763.6897,0.0092
005490,536.03000,6.9709,6.9337,9786.9274,0.0092
005500,537.00600,6.9895,6.9337,9764.2346,0.0092
005510,537.98300,6.9895,6.9523,9787.4584,0.0092
005520,538.95900,7.0082,6.9709,9764.6678,0.0092
005530,539.93500,7.0268,6.9709,9742.0589,0.0092
005540,540.91200,7.0268,6.9895,9765.0032,0.0092
005550,541.88800,7.0454,7.0082,9742.2964,0.0092
005560,542.86400,7.0640,7.0082,9719.7853,0.0092
005570,543.84100,7.0640,7.0268,9742.4361,0.0092
005580,544.81700,7.0826,7.0268,9719.8272,0.0092
005590,545.79400,7.0826,7.0454,9742.4781,0.0092
005600,546.77000,7.1012,7.0640,9719.7713,0.0092
005610,547.74600,7.1198,7.0640,9697.2601,0.0092
005620,548.72300,7.1198,7.0826,9719.6176,0.0092
005630,549.69900,7.1384,7.0826,9697.0086,0.0092
005640,550.67500,7.1384,7.1012,9719.3661,0.0092
005650,551.65200,7.1571,7.1198,9696.6593,0.0092
005660,552.62800,7.1757,7.1198,9674.1481,0.0092
005670,553.60500,7.1757,7.1384,9696.2261,0.0092
005680,554.58100,7.1943,7.1384,9673.6171,0.0092
005690,555.55700,7.2129,7.1571,9651.2038,0.0092
005700,556.53400,7.2129,7.1757,9672.9883,0.0092
005710,557.51000,7.2315,7.1757,9650.4772,0.0092
005720,558.48600,7.2315,7.1943,9672.2617,0.0092
005730,559.46300,7.2501,7.1943,9649.6667,0.0092
005740,560.43900,7.2688,7.2129,9627.2674,0.0092
005750,561.41600,7.2688,7.2315,9648.7585,0.0092
005760,562.39200,7.2874,7.2315,9626.2613,0.0092
005770,563.36800,7.2874,7.2501,9647.7663,0.0092
005780,564.34500,7.3060,7.2688,9625.1853,0.0092
005790,565.32100,7.3246,7.2688,9602.7860,0.0092
005800,566.29700,7.3246,7.2874,9624.0116,0.0092
005810,567.27400,7.3432,7.2874,9601.5284,0.0092
005820,568.25000,7.3432,7.3060,9622.7540,0.0092
005830,569.22700,7.3618,7.3246,9600.1729,0.0092
005840,570.20300,7.3804,7.3246,9577.8015,0.0092
005850,571.17900,7.3804,7.3432,9598.7337,0.0092
005860,572.15600,7.3990,7.3432,9576.2784,0.0092
005870,573.13200,7.3990,7.3618,9597.2246,0.0092
005880,574.10800,7.4177,7.3804,9574.6575,0.0092
005890,575.08500,7.4363,7.3804,9552.3001,0.0092
005900,576.06100,7.4363,7.3990,9572.9667,0.0092
005910,577.03800,7.4549,7.3990,9550.5255,0.0092
005920,578.01400,7.4549,7.4177,9571.1921,0.0092
005930,578.99000,7.4735,7.4363,9548.6530,0.0092
005940,579.96700,7.4921,7.4363,9526.3235,0.0092
005950,580.94300,7.4921,7.4549,9546.7107,0.0092
005960,581.91900,7.5107,7.4549,9524.2974,0.0092
005970,582.89600,7.5107,7.4735,9544.6986,0.0092
005980,583.87200,7.5293,7.4921,9522.1874,0.0092
005990,584.84900,7.5480,7.4921,9499.8719,0.0092
006000,585.82500,7.5480,7.5107,9519.9936,0.0092
006010,586.80100,7.5666,7.5107,9497.5942,0.0092
006020,587.77800,7.5666,7.5293,9517.7299,0.0092
006030,588.75400,7.5852,7.5480,9495.2467,0.0092
006040,589.73000,7.6038,7.5480,9472.9591,0.0092
006050,590.70700,7.6038,7.5666,9492.8153,0.0092
006060,591.68300,7.6224,7.5666,9470.4439,0.0092
006070,592.66000,7.6224,7.5852,9490.3141,0.0092
006080,593.63600,7.6410,7.6038,9467.8588,0.0092
006090,594.61200,7.6596,7.6038,9445.6132,0.0092
006100,595.58900,7.6596,7.6224,9465.2039,0.0092
006110,596.56500,7.6783,7.6224,9442.8604,0.0092
006120,597.54100,7.6783,7.6410,9462.4651,0.0092
006130,598.51800,7.6969,7.6410,9440.0518,0.0092
006140,599.49400,7.7155,7.6596,9417.8341,0.0092
006150,600.47100,7.7155,7.6783,9437.1593,0.0092
006160,601.44700,7.7341,7.6783,9414.8577,0.0092
006170,602.42300,7.7341,7.6969,9434.1969,0.0092
006180,603.40000,7.7527,7.6969,9411.8115,0.0092
006190,604.37600,7.7713,7.7155,9389.6357,0.0092
006200,605.35200,7.7713,7.7341,9408.7094,0.0092
006210,606.32900,7.7899,7.7341,9386.4498,0.0092
006220,607.30500,7.7899,7.7527,9405.5235,0.0092
006230,608.28200,7.8086,7.7527,9383.1940,0.0092
006240,609.25800,7.8272,7.7713,9361.0462,0.0092
006250,610.23400,7.8272,7.7899,9379.8544,0.0092
006260,611.21100,7.8458,7.7899,9357.6506,0.0092
006270,612.18700,7.8458,7.8086,9376.4588,0.0092
006280,613.16300,7.8644,7.8086,9354.1712,0.0092
006290,614.14000,7.8830,7.8272,9332.0793,0.0092
006300,615.11600,7.8830,7.8272,9350.6220,0.0092
006310,616.09300,7.9016,7.8458,9328.4602,0.0092
006320,617.06900,7.9016,7.8644,9347.0169,0.0092
006330,618.04500,7.9202,7.8644,9324.7712,0.0092
006340,619.02200,7.9202,7.8830,9343.3419,0.0092
006350,619.99800,7.9389,7.8830,9321.0263,0.0092
006360,620.97400,7.9575,7.9016,9298.9064,0.0092
006370,621.95100,7.9575,7.9202,9317.1976,0.0092
006380,622.92700,7.9761,7.9202,9295.0218,0.0092
006390,623.90400,7.9761,7.9389,9313.3270,0.0092
006400,624.88000,7.9947,7.9389,9291.0674,0.0092
006410,625.85600,8.0133,7.9575,9269.0034,0.0092
006420,626.83300,8.0133,7.9575,9287.0430,0.0092
006430,627.80900,8.0319,7.9761,9264.9092,0.0092
006440,628.78500,8.0319,7.9947,9282.9628,0.0092
006450,629.76200,8.0505,7.9947,9260.7591,0.0092
006460,630.73800,8.0505,8.0133,9278.8127,0.0092
006470,631.71500,8.0692,8.0133,9256.5391,0.0092
006480,632.69100,8.0878,8.0319,9234.4751,0.0092
006490,633.66700,8.0878,8.0505,9252.2632,0.0092
006500,634.64400,8.1064,8.0505,9230.1154,0.0092
006510,635.62000,8.1064,8.0692,9247.9175,0.0092
006520,636.59600,8.1250,8.0692,9225.7138,0.0092
006530,637.57300,8.1436,8.0878,9203.7057,0.0092
006540,638.54900,8.1436,8.0878,9221.2423,0.0092
006550,639.52600,8.1622,8.1064,9199.1643,0.0092
006560,640.50200,8.1622,8.1250,9216.7149,0.0092
006570,641.47800,8.1808,8.1250,9194.5671,0.0092
006580,642.45500,8.1808,8.1436,9212.1177,0.0092
006590,643.43100,8.1994,8.1436,9189.9139,0.0092
006600,644.40700,8.2181,8.1622,9167.9058,0.0092
006610,645.38400,8.2181,8.1622,9185.1909,0.0092
006620,646.36000,8.2367,8.1808,9163.1269,0.0092
006630,647.33700,8.2367,8.1994,9180.4120,0.0092
006640,648.31300,8.2553,8.1994,9158.2781,0.0092
006650,649.28900,8.2739,8.2181,9136.3539,0.0092
006660,650.26600,8.2739,8.2181,9153.3875,0.0092
006670,651.24200,8.2925,8.2367,9131.3794,0.0092
006680,652.21800,8.2925,8.2367,9148.4269,0.0092
006690,653.19500,8.3111,8.2553,9126.3629,0.0092
006700,654.17100,8.3111,8.2739,9143.4104,0.0092
006710,655.14800,8.3298,8.2739,9121.2906,0.0092
006720,656.12400,8.3484,8.2925,9099.3663,0.0092
006730,657.10000,8.3484,8.2925,9116.1483,0.0092
006740,658.07700,8.3670,8.3111,9094.1682,0.0092
006750,659.05300,8.3670,8.3111,9110.9642,0.0092
006760,660.02900,8.3856,8.3298,9088.9142,0.0092
006770,661.00600,8.3856,8.3484,9105.7242,0.0092
006780,661.98200,8.4042,8.3484,9083.6183,0.0092
006790,662.95900,8.4228,8.3670,9061.7220,0.0092
006800,663.93500,8.4228,8.3670,9078.2525,0.0092
006810,664.91100,8.4414,8.3856,9056.3003,0.0092
006820,665.88800,8.4414,8.3856,9072.8308,0.0092
006830,666.86400,8.4600,8.4042,9050.8227,0.0092
006840,667.84000,8.4600,8.4228,9067.3672,0.0092
006850,668.81700,8.4787,8.4228,9045.2892,0.0092
006860,669.79300,8.4973,8.4414,9023.4209,0.0092
006870,670.77000,8.4973,8.4414,9039.6999,0.0092
006880,671.74600,8.5159,8.4600,9017.7896,0.0092
006890,672.72200,8.5159,8.4600,9034.0686,0.0092
006900,673.69900,8.5345,8.4787,9012.0884,0.0092
006910,674.67500,8.5345,8.4973,9028.3814,0.0092
006920,675.65100,8.5531,8.4973,9006.3454,0.0092
006930,676.62800,8.5531,8.5159,9022.6384,0.0092
006940,677.60400,8.5717,8.5159,9000.5464,0.0092
006950,678.58100,8.5903,8.5345,8978.6641,0.0092
006960,679.55700,8.5903,8.5345,8994.6916,0.0092
006970,680.53300,8.6090,8.5531,8972.7533,0.0092
006980,681.51000,8.6090,8.5531,8988.7948,0.0092
006990,682.48600,8.6276,8.5717,8966.7867,0.0092
007000,683.46200,8.6276,8.5903,8982.8421,0.0092
007010,684.43900,8.6462,8.5903,8960.7781,0.0092
007020,685.41500,8.6648,8.6090,8938.9517,0.0092
007030,686.39200,8.6648,8.6090,8954.7276,0.0092
007040,687.36800,8.6834,8.6276,8932.8313,0.0092
007050,688.34400,8.6834,8.6276,8948.6213,0.0092
007060,689.32100,8.7020,8.6462,8926.6690,0.0092
007070,690.29700,8.7020,8.6648,8942.4590,0.0092
007080,691.27300,8.7206,8.6648,8920.4509,0.0092
007090,692.25000,8.7206,8.6834,8936.2548,0.0092
007100,693.22600,8.7393,8.6834,8914.1908,0.0092
007110,694.20300,8.7579,8.7020,8892.3643,0.0092
007120,695.17900,8.7579,8.7020,8907.8888,0.0092
007130,696.15500,8.7765,8.7206,8885.9925,0.0092
007140,697.13200,8.7765,8.7206,8901.5309,0.0092
007150,698.10800,8.7951,8.7393,8879.5927,0.0092
007160,699.08400,8.7951,8.7579,8895.1171,0.0092
007170,700.06100,8.8137,8.7579,8873.1230,0.0092
007180,701.03700,8.8323,8.7765,8851.3664,0.0092
007190,702.01400,8.8323,8.7765,8866.6253,0.0092
007200,702.99000,8.8509,8.7951,8844.7989,0.0092
007210,703.96600,8.8509,8.7951,8860.0718,0.0092
007220,704.94300,8.8696,8.8137,8838.2034,0.0092
007230,705.91900,8.8696,8.8137,8853.4624,0.0092
007240,706.89500,8.8882,8.8323,8831.5521,0.0092
007250,707.87200,8.8882,8.8323,8846.8111,0.0092
007260,708.84800,8.9068,8.8509,8824.8449,0.0092
007270,709.82500,8.9254,8.8696,8803.1162,0.0092
007280,710.80100,8.9254,8.8696,8818.1097,0.0092
007290,711.77700,8.9440,8.8882,8796.3112,0.0092
007300,712.75400,8.9440,8.8882,8811.3186,0.0092
007310,713.73000,8.9626,8.9068,8789.4782,0.0092
007320,714.70600,8.9626,8.9068,8804.4717,0.0092
007330,715.68300,8.9812,8.9254,8782.6033,0.0092
007340,716.65900,8.9812,8.9254,8797.5967,0.0092
007350,717.63600,8.9998,8.9440,8775.6725,0.0092
007360,718.61200,8.9998,8.9626,8790.6659,0.0092
007370,719.58800,9.0185,8.9626,8768.6858,0.0092
007380,720.56500,9.0371,8.9812,8746.9432,0.0092
007390,721.54100,9.0371,8.9812,8761.6711,0.0092
007400,722.51700,9.0557,8.9998,8739.8866,0.0092
007410,723.49400,9.0557,8.9998,8754.6006,0.0092
007420,724.47000,9.0743,9.0185,8732.7741,0.0092
007430,725.44700,9.0743,9.0185,8747.4881,0.0092
007440,726.42300,9.0929,9.0371,8725.6198,0.0092
007450,727.39900,9.0929,9.0371,8740.3338,0.0092
007460,728.37600,9.1115,9.0557,8718.4235,0.0092
007470,729.35200,9.1115,9.0743,8733.1375,0.0092
007480,730.32800,9.1302,9.0743,8711.1852,0.0092
007490,731.30500,9.1488,9.0929,8689.4566,0.0092
007500,732.28100,9.1488,9.0929,8703.8911,0.0092
007510,733.25800,9.1674,9.1115,8682.1345,0.0092
007520,734.23400,9.1674,9.1115,8696.5691,0.0092
007530,735.21000,9.1860,9.1302,8674.7566,0.0092
007540,736.18700,9.1860,9.1302,8689.1911,0.0092
007550,737.16300,9.2046,9.1488,8667.3507,0.0092
007560,738.13900,9.2046,9.1488,8681.7712,0.0092
007570,739.11600,9.2232,9.1674,8659.8889,0.0092
007580,740.09200,9.2232,9.1860,8674.3094,0.0092
007590,741.06900,9.2418,9.1860,8652.3991,0.0092
007600,742.04500,9.2604,9.2046,8630.6985,0.0092
007610,743.02100,9.2604,9.2046,8644.8535,0.0092
007620,743.99800,9.2791,9.2232,8623.1249,0.0092
007630,744.97400,9.2791,9.2232,8637.2660,0.0092
007640,745.95000,9.2977,9.2418,8615.5094,0.0092
007650,746.92700,9.2977,9.2418,8629.6365,0.0092
007660,747.90300,9.3163,9.2604,8607.8380,0.0092
007670,748.88000,9.3163,9.2604,8621.9651,0.0092
007680,749.85600,9.3349,9.2791,8600.1386,0.0092
007690,750.83200,9.3349,9.2791,8614.2518,0.0092
007700,751.80900,9.3535,9.2977,8592.3974,0.0092
007710,752.78500,9.3721,9.3163,8570.7526,0.0092
007720,753.76100,9.3721,9.3163,8584.6002,0.0092
007730,754.73800,9.3907,9.3349,8562.9414,0.0092
007740,755.71400,9.3907,9.3349,8576.7751,0.0092
007750,756.69100,9.4094,9.3535,8555.0744,0.0092
007760,757.66700,9.4094,9.3535,8568.9081,0.0092
007770,758.64300,9.4280,9.3721,8547.1794,0.0092
007780,759.62000,9.4280,9.3721,8560.9852,0.0092
007790,760.59600,9.4466,9.3907,8539.2286,0.0092
007800,761.57200,9.4466,9.3907,8553.0343,0.0092
007810,762.54900,9.4652,9.4094,8531.2498,0.0092
007820,763.52500,9.4652,9.4094,8545.0415,0.0092
007830,764.50200,9.4838,9.4280,8523.2290,0.0092
007840,765.47800,9.4838,9.4280,8537.0068,0.0092
007850,766.45400,9.5024,9.4466,8515.1664,0.0092
007860,767.43100,9.5210,9.4652,8493.5495,0.0092
007870,768.40700,9.5210,9.4652,8507.0618,0.0092
007880,769.38300,9.5397,9.4838,8485.4170,0.0092
007890,770.36000,9.5397,9.4838,8498.9153,0.0092
007900,771.33600,9.5583,9.5024,8477.2426,0.0092
007910,772.31300,9.5583,9.5024,8490.7269,0.0092
007920,773.28900,9.5769,9.5210,8469.0402,0.0092
007930,774.26500,9.5769,9.5210,8482.5105,0.0092
007940,775.24200,9.5955,9.5397,8460.7819,0.0092
007950,776.21800,9.5955,9.5397,8474.2383,0.0092
007960,777.19400,9.6141,9.5583,8452.4957,0.0092
007970,778.17100,9.6141,9.5583,8465.9381,0.0092
007980,779.14700,9.6327,9.5769,8444.1675,0.0092
007990,780.12400,9.6327,9.5769,8457.5960,0.0092
008000,781.10000,9.6513,9.5955,8435.8114,0.0092
008010,782.07600,9.6699,9.5955,8414.2505,0.0092
008020,783.05300,9.6699,9.6141,8427.3995,0.0092
008030,784.02900,9.6886,9.6141,8405.8245,0.0092
008040,785.00500,9.6886,9.6327,8418.9595,0.0092
008050,785.98200,9.7072,9.6513,8397.3567,0.0092
008060,786.95800,9.7072,9.6513,8410.4777,0.0092
008070,787.93500,9.7258,9.6699,8388.8608,0.0092
008080,788.91100,9.7258,9.6699,8401.9539,0.0092
008090,789.88700,9.7444,9.6886,8380.3231,0.0092
008100,790.86400,9.7444,9.6886,8393.4022,0.0092
008110,791.84000,9.7630,9.7072,8371.7434,0.0092
008120,792.81600,9.7630,9.7072,8384.8085,0.0092
008130,793.79300,9.7816,9.7258,8363.1218,0.0092
008140,794.76900,9.7816,9.7258,8376.1730,0.0092
008150,795.74600,9.8003,9.7444,8354.4723,0.0092
008160,796.72200,9.8003,9.7444,8367.4955,0.0092
008170,797.69800,9.8189,9.7630,8345.7808,0.0092
008180,798.67500,9.8189,9.7630,8358.7901,0.0092
008190,799.65100,9.8375,9.7816,8337.0614,0.0092
008200,800.62700,9.8375,9.7816,8350.0427,0.0092
008210,801.60400,9.8561,9.8003,8328.3001,0.0092
008220,802.58000,9.8747,9.8003,8306.7950,0.0092
008230,803.55700,9.8747,9.8189,8319.4969,0.0092
008240,804.53300,9.8933,9.8189,8297.9778,0.0092
008250,805.50900,9.8933,9.8375,8310.6657,0.0092
008260,806.48600,9.9119,9.8375,8289.1327,0.0092
008270,807.46200,9.9119,9.8561,8301.7926,0.0092
008280,808.43800,9.9305,9.8747,8280.2456,0.0092
008290,809.41500,9.9305,9.8747,8292.8915,0.0092
008300,810.39100,9.9492,9.8933,8271.3306,0.0092
008310,811.36800,9.9492,9.8933,8283.9485,0.0092
008320,812.34400,9.9678,9.9119,8262.3736,0.0092
008330,813.32000,9.9678,9.9119,8274.9636,0.0092
008340,814.29700,9.9864,9.9305,8253.3747,0.0092
008350,815.27300,9.9864,9.9305,8265.9508,0.0092
008360,816.24900,10.0050,9.9492,8244.3479,0.0092
008370,817.22600,10.0050,9.9492,8256.9100,0.0092
008380,818.20200,10.0236,9.9678,8235.2932,0.0092
008390,819.17900,10.0236,9.9678,8247.8273,0.0092
008400,820.15500,10.0422,9.9864,8226.1965,0.0092
008410,821.13100,10.0422,9.9864,8238.7027,0.0092
008420,822.10800,10.0608,10.0050,8217.0718,0.0092
008430,823.08400,10.0608,10.0050,8229.5501,0.0092
008440,824.06000,10.0795,10.0236,8207.9053,0.0092
008450,825.03700,10.0795,10.0236,8220.3556,0.0092
008460,826.01300,10.0981,10.0422,8198.7108,0.0092
008470,826.99000,10.0981,10.0422,8211.1331,0.0092
008480,827.96600,10.1167,10.0608,8189.4884,0.0092
008490,828.94200,10.1167,10.0608,8201.8828,0.0092
008500,829.91900,10.1353,10.0795,8180.2240,0.0092
008510,830.89500,10.1353,10.0795,8192.5904,0.0092
008520,831.87100,10.1539,10.0981,8170.9177,0.0092
008530,832.84800,10.1725,10.0981,8149.4965,0.0092
008540,833.82400,10.1725,10.1167,8161.5974,0.0092
008550,834.80100,10.1911,10.1167,8140.1622,0.0092
008560,835.77700,10.1911,10.1353,8152.2353,0.0092
008570,836.75300,10.2098,10.1353,8130.8001,0.0092
008580,837.73000,10.2098,10.1539,8142.8312,0.0092
008590,838.70600,10.2284,10.1539,8121.3960,0.0092
008600,839.68200,10.2284,10.1725,8133.4131,0.0092
008610,840.65900,10.2470,10.1725,8111.9639,0.0092
008620,841.63500,10.2470,10.1911,8123.9531,0.0092
008630,842.61200,10.2656,10.1911,8102.5039,0.0092
008640,843.58800,10.2656,10.2098,8114.4512,0.0092
008650,844.56400,10.2842,10.2098,8093.0160,0.0092
008660,845.54100,10.2842,10.2284,8104.9353,0.0092
008670,846.51700,10.3028,10.2284,8083.4861,0.0092
008680,847.49300,10.3028,10.2470,8095.3775,0.0092
008690,848.47000,10.3214,10.2470,8073.9283,0.0092
008700,849.44600,10.3214,10.2656,8085.7918,0.0092
008710,850.42300,10.3401,10.2656,8064.3426,0.0092
008720,851.39900,10.3401,10.2842,8076.1641,0.0092
008730,852.37500,10.3587,10.2842,8054.7289,0.0092
008740,853.35200,10.3587,10.3028,8066.5224,0.0092
008750,854.32800,10.3773,10.3028,8045.0733,0.0092
008760,855.30400,10.3773,10.3214,8056.8389,0.0092
008770,856.28100,10.3959,10.3214,8035.4037,0.0092
008780,857.25700,10.3959,10.3401,8047.1274,0.0092
008790,858.23400,10.4145,10.3401,8025.6922,0.0092
008800,859.21000,10.4145,10.3587,8037.3879,0.0092
008810,860.18600,10.4331,10.3587,8015.9527,0.0092
008820,861.16300,10.4331,10.3773,8027.6205,0.0092
008830,862.13900,10.4517,10.3773,8006.1853,0.0092
008840,863.11500,10.4517,10.3959,8017.8112,0.0092
008850,864.09200,10.4704,10.3959,7996.3899,0.0092
008860,865.06800,10.4704,10.4145,8007.9879,0.0092
008870,866.04500,10.4890,10.4145,7986.5666,0.0092
008880,867.02100,10.4890,10.4331,7998.1226,0.0092
008890,867.99700,10.5076,10.4331,7976.7154,0.0092
008900,868.97400,10.5076,10.4517,7988.2434,0.0092
008910,869.95000,10.5262,10.4517,7966.8362,0.0092
008920,870.92600,10.5262,10.4704,7978.3223,0.0092
008930,871.90300,10.5448,10.4704,7956.9151,0.0092
008940,872.87900,10.5448,10.4890,7968.3733,0.0092
008950,873.85600,10.5634,10.4890,7946.9800,0.0092
008960,874.83200,10.5634,10.5076,7958.3963,0.0092
008970,875.80800,10.5820,10.5076,7937.0170,0.0092
008980,876.78500,10.5820,10.5262,7948.3913,0.0092
008990,877.76100,10.6007,10.5262,7927.0260,0.0092
009000,878.73700,10.6007,10.5448,7938.3584,0.0092
009010,879.71400,10.6193,10.5448,7916.9931,0.0092
009020,880.69000,10.6193,10.5634,7928.3115,0.0092
009030,881.66700,10.6379,10.5634,7906.9462,0.0092
009040,882.64300,10.6379,10.5820,7918.2227,0.0092
009050,883.61900,10.6565,10.5820,7896.8714,0.0092
009060,884.59600,10.6565,10.6007,7908.1060,0.0092
009070,885.57200,10.6751,10.6007,7886.7686,0.0092
009080,886.54800,10.6751,10.6193,7897.9613,0.0092
009090,887.52500,10.6937,10.6193,7876.6519,0.0092
009100,888.50100,10.6937,10.6379,7887.8026,0.0092
009110,889.47800,10.7123,10.6379,7866.4932,0.0092
009120,890.45400,10.7123,10.6565,7877.6021,0.0092
009130,891.43000,10.7309,10.6565,7856.3066,0.0092
009140,892.40700,10.7309,10.6751,7867.3875,0.0092
009150,893.38300,10.7496,10.6751,7846.1060,0.0092
009160,894.35900,10.7496,10.6937,7857.1450,0.0092
009170,895.33600,10.7682,10.6937,7835.8775,0.0092
009180,896.31200,10.7682,10.7123,7846.8746,0.0092
009190,897.28900,10.7868,10.7123,7825.6210,0.0092
009200,898.26500,10.7868,10.7309,7836.5762,0.0092
009210,899.24100,10.8054,10.7309,7815.3366,0.0092
009220,900.21800,10.8054,10.7496,7826.2498,0.0092
009230,901.19400,10.8054,10.7496,7837.3726,0.0092
009240,902.17000,10.8240,10.7682,7815.9095,0.0092
009250,903.14700,10.8240,10.7682,7826.9764,0.0092
009260,904.12300,10.8426,10.7868,7805.5412,0.0092
009270,905.10000,10.8426,10.7868,7816.5663,0.0092
009280,906.07600,10.8612,10.8054,7795.1450,0.0092
009290,907.05200,10.8612,10.8054,7806.1281,0.0092
009300,908.02900,10.8799,10.8240,7784.7209,0.0092
009310,909.00500,10.8799,10.8240,7795.6760,0.0092
009320,909.98100,10.8985,10.8426,7774.2827,0.0092
009330,910.95800,10.8985,10.8426,7785.1820,0.0092
009340,911.93400,10.9171,10.8612,7763.8167,0.0092
009350,912.91100,10.9171,10.8612,7774.6740,0.0092
009360,913.88700,10.9357,10.8799,7753.3366,0.0092
009370,914.86300,10.9357,10.8799,7764.1520,0.0092
009380,915.84000,10.9543,10.8799,7742.8286,0.0092
009390,916.81600,10.9543,10.8985,7753.5881,0.0092
009400,917.79200,10.9729,10.8985,7732.2927,0.0092
009410,918.76900,10.9729,10.9171,7743.0103,0.0092
009420,919.74500,10.9915,10.9171,7721.7288,0.0092
009430,920.72200,10.9915,10.9357,7732.4045,0.0092
009440,921.69800,11.0102,10.9357,7711.1509,0.0092
009450,922.67400,11.0102,10.9543,7721.7847,0.0092
009460,923.65100,11.0288,10.9543,7700.5591,0.0092
009470,924.62700,11.0288,10.9729,7711.1509,0.0092
009480,925.60300,11.0474,10.9729,7689.9393,0.0092
009490,926.58000,11.0474,10.9915,7700.4752,0.0092
009500,927.55600,11.0660,10.9915,7679.2916,0.0092
009510,928.53300,11.0660,11.0102,7689.7856,0.0092
009520,929.50900,11.0846,11.0102,7668.6438,0.0092
009530,930.48500,11.0846,11.0288,7679.0820,0.0092
009540,931.46200,11.0846,11.0288,7689.7297,0.0092
009550,932.43800,11.1032,11.0474,7668.3504,0.0092
009560,933.41400,11.1032,11.0474,7678.9422,0.0092
009570,934.39100,11.1218,11.0660,7657.6049,0.0092
009580,935.36700,11.1218,11.0660,7668.1548,0.0092
009590,936.34400,11.1405,11.0846,7646.8314,0.0092
009600,937.32000,11.1405,11.0846,7657.3254,0.0092
009610,938.29600,11.1591,11.1032,7636.0439,0.0092
009620,939.27300,11.1591,11.1032,7646.4960,0.0092
009630,940.24900,11.1777,11.1032,7625.2425,0.0092
009640,941.22500,11.1777,11.1218,7635.6387,0.0092
009650,942.20200,11.1963,11.1218,7614.4131,0.0092
009660,943.17800,11.1963,11.1405,7624.7674,0.0092
009670,944.15500,11.2149,11.1405,7603.5697,0.0092
009680,945.13100,11.2149,11.1591,7613.8681,0.0092
009690,946.10700,11.2335,11.1591,7592.6984,0.0092
009700,947.08400,11.2335,11.1777,7602.9549,0.0092
009710,948.06000,11.2521,11.1777,7581.8271,0.0092
009720,949.03600,11.2521,11.1963,7592.0137,0.0092
009730,950.01300,11.2708,11.1963,7570.9279,0.0092
009740,950.98900,11.2708,11.2149,7581.0725,0.0092
009750,951.96600,11.2708,11.2149,7591.3989,0.0092
009760,952.94200,11.2894,11.2335,7570.1034,0.0092
009770,953.91800,11.2894,11.2335,7580.3878,0.0092
009780,954.89500,11.3080,11.2521,7559.1203,0.0092
009790,955.87100,11.3080,11.2521,7569.3489,0.0092
009800,956.84700,11.3266,11.2521,7548.1093,0.0092
009810,957.82400,11.3266,11.2708,7558.2959,0.0092
009820,958.80000,11.3452,11.2708,7537.0983,0.0092
009830,959.77700,11.3452,11.2894,7547.2290,0.0092
009840,960.75300,11.3638,11.2894,7526.0593,0.0092
009850,961.72900,11.3638,11.3080,7536.1341,0.0092
009860,962.70600,11.3824,11.3080,7515.0063,0.0092
009870,963.68200,11.3824,11.3266,7525.0252,0.0092
009880,964.65800,11.4011,11.3266,7503.9394,0.0092
009890,965.63500,11.4011,11.3452,7513.9164,0.0092
009900,966.61100,11.4197,11.3452,7492.8585,0.0092
009910,967.58800,11.4197,11.3638,7502.7796,0.0092
009920,968.56400,11.4197,11.3638,7512.8684,0.0092
009930,969.54000,11.4383,11.3824,7491.6288,0.0092
009940,970.51700,11.4383,11.3824,7501.6757,0.0092
009950,971.49300,11.4569,11.4011,7480.4641,0.0092
009960,972.46900,11.4569,11.4011,7490.4550,0.0092
009970,973.44600,11.4755,11.4011,7469.2853,0.0092
009980,974.42200,11.4755,11.4197,7479.2204,0.0092
009990,975.39900,11.4941,11.4197,7458.0926,0.0092
010000,976.37500,11.4941,11.4383,7467.9718,0.0092
010010,977.35100,11.5127,11.4383,7446.8860,0.0092
010020,978.32800,11.5127,11.4569,7456.7093,0.0092
010030,979.30400,11.5313,11.4569,7435.6653,0.0092
010040,980.28000,11.5313,11.4755,7445.4327,0.0092
010050,981.25700,11.5500,11.4755,7424.4307,0.0092
010060,982.23300,11.5500,11.4941,7434.1422,0.0092
010070,983.21000,11.5500,11.4941,7444.0214,0.0092
010080,984.18600,11.5686,11.5127,7422.8378,0.0092
010090,985.16200,11.5686,11.5127,7432.6611,0.0092
010100,986.13900,11.5872,11.5127,7411.5193,0.0092
010110,987.11500,11.5872,11.5313,7421.3007,0.0092
010120,988.09100,11.6058,11.5313,7400.1869,0.0092
010130,989.06800,11.6058,11.5500,7409.9124,0.0092
010140,990.04400,11.6244,11.5500,7388.8545,0.0092
010150,991.02100,11.6244,11.5686,7398.5101,0.0092
010160,991.99700,11.6430,11.5686,7377.5081,0.0092
010170,992.97300,11.6430,11.5872,7387.1078,0.0092
010180,993.95000,11.6617,11.5872,7366.1337,0.0092
010190,994.92600,11.6617,11.6058,7375.6915,0.0092
010200,995.90200,11.6803,11.6058,7354.7733,0.0092
010210,996.87900,11.6803,11.6244,7364.2613,0.0092
010220,997.85500,11.6803,11.6244,7373.9169,0.0092
010230,998.83200,11.6989,11.6244,7352.8171,0.0092
010240,999.80800,11.6989,11.6430,7362.4168,0.0092
010250,1000.78000,11.7175,11.6430,7341.3589,0.0092
010260,1001.76000,11.7175,11.6617,7350.9027,0.0092
010270,1002.74000,11.7361,11.6617,7329.9007,0.0092
010280,1003.71000,11.7361,11.6803,7339.3886,0.0092
010290,1004.69000,11.7547,11.6803,7318.4285,0.0092
010300,1005.67000,11.7547,11.6989,7327.8606,0.0092
010310,1006.64000,11.7733,11.6989,7306.9564,0.0092
010320,1007.62000,11.7733,11.7175,7316.3185,0.0092
010330,1008.60000,11.7733,11.7175,7325.8624,0.0092
010340,1009.57000,11.7919,11.7175,7304.7765,0.0092
010350,1010.55000,11.7919,11.7361,7314.2505,0.0092
010360,1011.52000,11.8106,11.7361,7293.2205,0.0092
010370,1012.50000,11.8106,11.7547,7302.6246,0.0092
010380,1013.48000,11.8292,11.7547,7281.6505,0.0092
010390,1014.45000,11.8292,11.7733,7291.0127,0.0092
010400,1015.43000,11.8478,11.7733,7270.0806,0.0092
010410,1016.41000,11.8478,11.7919,7279.3729,0.0092
010420,1017.38000,11.8664,11.7919,7258.4966,0.0092
010430,1018.36000,11.8664,11.8106,7267.7330,0.0092
010440,1019.34000,11.8664,11.8106,7277.1371,0.0092
010450,1020.31000,11.8850,11.8106,7256.0792,0.0092
010460,1021.29000,11.8850,11.8292,7265.4274,0.0092
010470,1022.26000,11.9036,11.8292,7244.4254,0.0092
010480,1023.24000,11.9036,11.8478,7253.7037,0.0092
010490,1024.22000,11.9222,11.8478,7232.7716,0.0092
010500,1025.19000,11.9222,11.8664,7241.9800,0.0092
010510,1026.17000,11.9409,11.8664,7221.1038,0.0092
010520,1027.15000,11.9409,11.8850,7230.2564,0.0092
010530,1028.12000,11.9595,11.8850,7209.4360,0.0092
010540,1029.10000,11.9595,11.9036,7218.5187,0.0092
010550,1030.08000,11.9595,11.9036,7227.7691,0.0092
010560,1031.05000,11.9781,11.9036,7206.7811,0.0092
010570,1032.03000,11.9781,11.9222,7215.9755,0.0092
010580,1033.00000,11.9967,11.9222,7195.0294,0.0092
010590,1033.98000,11.9967,11.9409,7204.1680,0.0092
010600,1034.96000,12.0153,11.9409,7183.2778,0.0092
010610,1035.93000,12.0153,11.9595,7192.3465,0.0092
010620,1036.91000,12.0339,11.9595,7171.5262,0.0092
010630,1037.89000,12.0339,11.9781,7180.5250,0.0092
010640,1038.86000,12.0339,11.9781,7189.6916,0.0092
010650,1039.84000,12.0525,11.9781,7168.7035,0.0092
010660,1040.82000,12.0525,11.9967,7177.8002,0.0092
010670,1041.79000,12.0712,11.9967,7156.8820,0.0092
010680,1042.77000,12.0712,12.0153,7165.9228,0.0092
010690,1043.74000,12.0898,12.0153,7145.0605,0.0092
010700,1044.72000,12.0898,12.0339,7154.0175,0.0092
010710,1045.70000,12.1084,12.0339,7133.2251,0.0092
010720,1046.67000,12.1084,12.0525,7142.1261,0.0092
010730,1047.65000,12.1270,12.0525,7121.3896,0.0092
010740,1048.63000,12.1270,12.0525,7130.2348,0.0092
010750,1049.60000,12.1270,12.0712,7139.2197,0.0092
010760,1050.58000,12.1456,12.0712,7118.3294,0.0092
010770,1051.56000,12.1456,12.0898,7127.2584,0.0092
010780,1052.53000,12.1642,12.0898,7106.4241,0.0092
010790,1053.51000,12.1642,12.1084,7115.2972,0.0092
010800,1054.48000,12.1828,12.1084,7094.5188,0.0092
010810,1055.46000,12.1828,12.1270,7103.3220,0.0092
010820,1056.44000,12.2014,12.1270,7082.6134,0.0092
010830,1057.41000,12.2014,12.1270,7091.3468,0.0092
010840,1058.39000,12.2014,12.1456,7100.2478,0.0092
010850,1059.37000,12.2201,12.1456,7079.3856,0.0092
010860,1060.34000,12.2201,12.1642,7088.2028,0.0092
010870,1061.32000,12.2387,12.1642,7067.4104,0.0092
010880,1062.30000,12.2387,12.1828,7076.1717,0.0092
010890,1063.27000,12.2573,12.1828,7055.4352,0.0092
010900,1064.25000,12.2573,12.2014,7064.1266,0.0092
010910,1065.23000,12.2573,12.2014,7072.9718,0.0092
010920,1066.20000,12.2759,12.2014,7052.0955,0.0092
010930,1067.18000,12.2759,12.2201,7060.8708,0.0092
010940,1068.15000,12.2945,12.2201,7040.0504,0.0092
010950,1069.13000,12.2945,12.2387,7048.7698,0.0092
010960,1070.11000,12.3131,12.2387,7028.0193,0.0092
010970,1071.08000,12.3131,12.2573,7036.6689,0.0092
010980,1072.06000,12.3318,12.2573,7015.9882,0.0092
010990,1073.04000,12.3318,12.2759,7024.5679,0.0092
011000,1074.01000,12.3318,12.2759,7033.2873,0.0092
011010,1074.99000,12.3504,12.2759,7012.4669,0.0092
011020,1075.97000,12.3504,12.2945,7021.1165,0.0092
011030,1076.94000,12.3690,12.2945,7000.3660,0.0092
011040,1077.92000,12.3690,12.3131,7008.9596,0.0092
011050,1078.89000,12.3876,12.3131,6988.2650,0.0092
011060,1079.87000,12.3876,12.3318,6996.7888,0.0092
011070,1080.85000,12.4062,12.3318,6976.1780,0.0092
011080,1081.82000,12.4062,12.3318,6984.6319,0.0092
011090,1082.80000,12.4062,12.3504,6993.2396,0.0092
011100,1083.78000,12.4248,12.3504,6972.4751,0.0092
011110,1084.75000,12.4248,12.3690,6981.0128,0.0092
011120,1085.73000,12.4434,12.3690,6960.3322,0.0092
011130,1086.71000,12.4434,12.3876,6968.7861,0.0092
011140,1087.68000,12.4620,12.3876,6948.1753,0.0092
011150,1088.66000,12.4620,12.3876,6956.5733,0.0092
011160,1089.63000,12.4620,12.4062,6965.1111,0.0092
011170,1090.61000,12.4807,12.4062,6944.3606,0.0092
011180,1091.59000,12.4807,12.4248,6952.8285,0.0092
011190,1092.56000,12.4993,12.4248,6932.1478,0.0092
011200,1093.54000,12.4993,12.4434,6940.5598,0.0092
011210,1094.52000,12.5179,12.4434,6919.9491,0.0092
011220,1095.49000,12.5179,12.4620,6928.2772,0.0092
011230,1096.47000,12.5179,12.4620,6936.7591,0.0092
011240,1097.45000,12.5365,12.4620,6916.0225,0.0092
011250,1098.42000,12.5365,12.4807,6924.4206,0.0092
011260,1099.40000,12.5551,12.4807,6903.7539,0.0092
011270,1100.37000,12.5551,12.4993,6912.0960,0.0092
011280,1101.35000,12.5737,12.4993,6891.4992,0.0092
011290,1102.33000,12.5737,12.5179,6899.7715,0.0092
011300,1103.30000,12.5737,12.5179,6908.1835,0.0092
011310,1104.28000,12.5923,12.5179,6887.4609,0.0092
011320,1105.26000,12.5923,12.5365,6895.7891,0.0092
011330,1106.23000,12.6110,12.5365,6875.1503,0.0092
011340,1107.21000,12.6110,12.5551,6883.4086,0.0092
011350,1108.19000,12.6296,12.5551,6862.8398,0.0092
011360,1109.16000,12.6296,12.5737,6871.0422,0.0092
011370,1110.14000,12.6296,12.5737,6879.3843,0.0092
011380,1111.11000,12.6482,12.5737,6858.6757,0.0092
011390,1112.09000,12.6482,12.5923,6866.9480,0.0092
011400,1113.07000,12.6668,12.5923,6846.3232,0.0092
011410,1114.04000,12.6668,12.6110,6854.5116,0.0092
011420,1115.02000,12.6854,12.6110,6833.9707,0.0092
011430,1116.00000,12.6854,12.6296,6842.0893,0.0092
011440,1116.97000,12.6854,12.6296,6850.3615,0.0092
011450,1117.95000,12.7040,12.6296,6829.6809,0.0092
011460,1118.93000,12.7040,12.6482,6837.8833,0.0092
011470,1119.90000,12.7226,12.6482,6817.2865,0.0092
011472,1120.00000,12.7226,12.6482,6818.8934,0.0092
